dataset,tiers,baseline,method,mean_aurc_delta,ci_lo,ci_hi,excludes_zero,beats_baseline,mean_ci_lo,mean_ci_hi,mean_effect_excludes_zero,mean_effect_beats_baseline,n_seeds,n_boot_total
adult,ABC,signal_msp,A0_rank,0.002033573165491186,0.0005624348375424819,0.0038707290863064354,True,False,0.0016646058284750479,0.0023932248708780765,True,False,10,10000
adult,ABC,signal_msp,A1_lightgbm,0.0024129768252798586,0.0007283583011972628,0.004394694745329435,True,False,0.0020257815807058835,0.0027913823216351116,True,False,10,10000
adult,ABC,signal_msp,A1_logreg,-0.000515571977598908,-0.0013411320459851422,0.00043223289936194847,False,False,-0.0006954409454696902,-0.0003591143627780041,True,True,10,10000
adult,ABC,signal_msp,A1_logreg_naive_meta,-0.0003468871399547586,-0.0011156736290369486,0.00043036523323867804,False,False,-0.0005331896448935399,-0.00016190570393340153,True,True,10,10000
adult,ABC,signal_msp,A2_adaptive_loss3,0.0007417349220932781,-0.0004181567457673673,0.002693184932784953,False,False,0.00043592448770035316,0.0010694668387268512,True,False,10,10000
adult,ABC,signal_msp,A2_mlp_bce,0.00012824345523703776,-0.0012015055318332578,0.0030642013411192825,False,False,-0.00022890556057887743,0.0005493290078924635,False,False,10,10000
adult,ABC,signal_msp,A2_mlp_loss1,0.0038819979724594874,0.0017197618676837818,0.006461695257644422,True,False,0.0034716872194891493,0.004289672117223909,True,False,10,10000
adult,ABC,signal_msp,A2_mlp_loss2,0.0011350232730107238,-0.000598064079281154,0.004473502979326309,False,False,0.0007532069693004616,0.0015823323688583025,True,False,10,10000
adult,ABC,signal_msp,A2_mlp_loss3,5.914592804391852e-05,-0.0011241497586988514,0.002983660414348017,False,False,-0.00027048316534649666,0.00040093864544689904,False,False,10,10000
adult,ABC,signal_msp,A2_rl_bandit,0.0007678262765736856,-0.0007645090822648721,0.0035686999511107616,False,False,0.00040535705363698674,0.001206411317511331,True,False,10,10000
adult,ABC,signal_msp,A2_rl_c0.5,0.15648677871784464,0.12204266759052021,0.20077812266138506,True,False,0.15235624786469573,0.1610389892049265,True,False,10,10000
adult,ABC,signal_msp,A2_rl_c1.0,0.1312388470455937,0.09051607208313196,0.18023097060510962,True,False,0.12761540460276585,0.1354067595611178,True,False,10,10000
adult,ABC,signal_msp,A2_rl_c10.0,0.0007682250561181009,-0.0007508620973195449,0.0036241843003488924,False,False,0.00039599035615711653,0.0011614505688018796,True,False,10,10000
adult,ABC,signal_msp,A2_rl_c3.0,0.005831783034129565,0.0013279133726417753,0.012287130551109245,True,False,0.005002078059281179,0.0067429234796704185,True,False,10,10000
adult,ABC,signal_msp,A2_rl_linear,0.008456821722587419,0.0029875182031351994,0.016798924280582696,True,False,0.007463436752872166,0.009472719804890617,True,False,10,10000
adult,ABC,signal_msp,oracle,-0.021603683335141906,-0.024568575208625668,-0.018870459836536412,True,True,-0.022327422041083143,-0.020894611142163823,True,True,10,10000
adult,ABC,signal_msp,random,0.09685609197498263,0.08666456164478167,0.1073921671836608,True,False,0.09392621138680748,0.09973574116465704,True,False,10,10000
adult,ABC,signal_msp,signal_calib_residual,0.02298110334935105,0.01541095789529378,0.03144451307246365,True,False,0.021751028697928963,0.0243600562550641,True,False,10,10000
adult,ABC,signal_msp,signal_energy,-4.598044028983339e-10,-5.66158657457419e-08,3.782511004074909e-08,False,False,-1.4970554684965927e-08,1.3246366421587221e-08,False,False,10,10000
adult,ABC,signal_msp,signal_ensemble_mean_pairwise_kl,0.018628766286131002,0.014577883473448008,0.02245241250725836,True,False,0.017760467281100277,0.019507980101126428,True,False,10,10000
adult,ABC,signal_msp,signal_ensemble_topclass_variance,0.006136736833452581,0.0038893943954458597,0.00842553070337364,True,False,0.0056701461576167825,0.006622410511403873,True,False,10,10000
adult,ABC,signal_msp,signal_ensemble_vote_entropy,0.08140505934010998,0.0718905396720349,0.09097030369262983,True,False,0.07868826096397587,0.08409578810401935,True,False,10,10000
adult,ABC,signal_msp,signal_entropy,9.828041775180458e-10,-3.776231631306623e-08,3.7877549704471573e-08,False,False,-1.1607745092640649e-08,1.3202705559994461e-08,False,False,10,10000
adult,ABC,signal_msp,signal_knn_distance,0.1364104491526219,0.12296820092063007,0.14913237558768092,True,False,0.1327790079195241,0.14017797084262132,True,False,10,10000
adult,ABC,signal_msp,signal_local_label_agreement,0.011485108931449009,0.007595600290604911,0.015938494862199185,True,False,0.010339157992628882,0.012647812821935708,True,False,10,10000
adult,ABC,signal_msp,signal_mahalanobis,0.1319319814737314,0.1186846062018224,0.14496255610000272,True,False,0.12812216657818032,0.13555143568262534,True,False,10,10000
adult,ABC,signal_msp,signal_margin_logit,0.0,0.0,0.0,False,False,0.0,0.0,False,False,10,10000
adult,ABC,signal_msp,signal_margin_prob,1.3626306037083786e-09,0.0,2.72331272970806e-08,False,False,0.0,1.0944599510114005e-08,False,False,10,10000
adult,ABC,signal_msp,signal_temp_msp,0.0,0.0,0.0,False,False,0.0,0.0,False,False,10,10000
adult,ABC,signal_msp,signal_trust_score,0.029829113553281734,0.024583330886487828,0.03560030739736268,True,False,0.028503595084538595,0.031188400363320015,True,False,10,10000
bank_marketing,ABC,signal_msp,A0_rank,0.00042808629973177965,-0.0002267843586352137,0.0010605821444325681,False,False,0.0002655550585989375,0.0005850101959492548,True,False,10,10000
bank_marketing,ABC,signal_msp,A1_lightgbm,0.0017859342114722996,0.0005592787924939648,0.0030324424208304735,True,False,0.001503796907161368,0.0020834702036744953,True,False,10,10000
bank_marketing,ABC,signal_msp,A1_logreg,0.00015483826645797406,-0.0002923130337993728,0.0020954348449377953,False,False,-3.146823297805875e-05,0.00043871331509517974,False,False,10,10000
bank_marketing,ABC,signal_msp,A1_logreg_naive_meta,0.0003010526368181479,-0.00018043050973339095,0.002077187517255709,False,False,9.776557349906057e-05,0.0006079430098532484,True,False,10,10000
bank_marketing,ABC,signal_msp,A2_adaptive_loss3,0.0008477586773513585,-6.582752710822402e-05,0.002957173174279378,False,False,0.0004968721487035525,0.0012769062423718528,True,False,10,10000
bank_marketing,ABC,signal_msp,A2_mlp_bce,0.0003993934203297573,-0.0005262886789602676,0.0031554598053862857,False,False,0.00010142858080386207,0.0007400682879850078,True,False,10,10000
bank_marketing,ABC,signal_msp,A2_mlp_loss1,0.0015862682495093295,-0.00014322181163744865,0.003094606579719566,False,False,0.0013786483271097751,0.0017790861446421416,True,False,10,10000
bank_marketing,ABC,signal_msp,A2_mlp_loss2,0.0005492577358123122,-0.0006081256495286955,0.0022885155309457124,False,False,0.0003576018657116745,0.0007584186583849391,True,False,10,10000
bank_marketing,ABC,signal_msp,A2_mlp_loss3,0.0003607590446970447,-0.0005943035633637592,0.0025307875385201287,False,False,0.00010983673328896962,0.0006654206484505131,True,False,10,10000
bank_marketing,ABC,signal_msp,A2_rl_bandit,0.0010323166233609515,-0.0004045437280870505,0.003998050369328793,False,False,0.0006812033465921997,0.0014497910171106141,True,False,10,10000
bank_marketing,ABC,signal_msp,A2_rl_c0.5,0.16517308358755173,0.13446444574863836,0.19296736327895864,True,False,0.1605298946447837,0.16972478657221954,True,False,10,10000
bank_marketing,ABC,signal_msp,A2_rl_c1.0,0.13030600143780655,0.0827004312256491,0.17654772997856355,True,False,0.12620659751420474,0.13477910676788102,True,False,10,10000
bank_marketing,ABC,signal_msp,A2_rl_c10.0,0.001055520239990342,-0.00039571833964594514,0.004110678365553354,False,False,0.000703450427728621,0.0015009164073517933,True,False,10,10000
bank_marketing,ABC,signal_msp,A2_rl_c3.0,0.005893577258605989,0.000949924790183357,0.010682113868901895,True,False,0.004999414953646273,0.0067807743275654555,True,False,10,10000
bank_marketing,ABC,signal_msp,A2_rl_linear,0.0038130986974008996,0.0009666581873094652,0.008236685278156172,True,False,0.003075136244089652,0.004579206584368811,True,False,10,10000
bank_marketing,ABC,signal_msp,oracle,-0.009149998434282472,-0.010915295532568803,-0.007712899531972686,True,True,-0.009539210513187157,-0.0087656261382339,True,True,10,10000
bank_marketing,ABC,signal_msp,random,0.07794203747057539,0.0662664388209559,0.08964136441710033,True,False,0.07489030504089653,0.08087302342538226,True,False,10,10000
bank_marketing,ABC,signal_msp,signal_calib_residual,0.007255171393528323,0.003262759231415718,0.012132649000295682,True,False,0.0066862077870081344,0.007880536483986308,True,False,10,10000
bank_marketing,ABC,signal_msp,signal_energy,1.2003310122814595e-09,0.0,2.2587746584820993e-08,False,False,-4.37242960292343e-09,1.0967235026995007e-08,False,False,10,10000
bank_marketing,ABC,signal_msp,signal_ensemble_mean_pairwise_kl,0.0037263401607461424,0.0023106332479183307,0.005178583247102902,True,False,0.0033795907111139082,0.004095899990235427,True,False,10,10000
bank_marketing,ABC,signal_msp,signal_ensemble_topclass_variance,0.001147755290769852,0.0002134804190887833,0.0020094412022333362,True,False,0.0009430108710110892,0.0013741555129918163,True,False,10,10000
bank_marketing,ABC,signal_msp,signal_ensemble_vote_entropy,0.05673372544334641,0.04670597218420943,0.06693935627128807,True,False,0.05430116772087633,0.05910637754878112,True,False,10,10000
bank_marketing,ABC,signal_msp,signal_entropy,3.271359277845845e-09,0.0,4.3633663824454993e-08,False,False,0.0,1.532545941334944e-08,False,False,10,10000
bank_marketing,ABC,signal_msp,signal_knn_distance,0.0303759834317759,0.02603795778807864,0.03524410390935385,True,False,0.029183688259939982,0.03159275764594982,True,False,10,10000
bank_marketing,ABC,signal_msp,signal_local_label_agreement,0.01504263409133669,0.009842645226790937,0.020323772051827064,True,False,0.013799546162255857,0.016315203566313538,True,False,10,10000
bank_marketing,ABC,signal_msp,signal_mahalanobis,0.0359576733159125,0.030723802853774334,0.04150826871073818,True,False,0.034403777570280805,0.03763267699013185,True,False,10,10000
bank_marketing,ABC,signal_msp,signal_margin_logit,0.0,0.0,0.0,False,False,0.0,0.0,False,False,10,10000
bank_marketing,ABC,signal_msp,signal_margin_prob,3.799528526759674e-09,0.0,7.257514259449357e-08,False,False,0.0,2.3634383906375998e-08,False,False,10,10000
bank_marketing,ABC,signal_msp,signal_temp_msp,0.0,0.0,0.0,False,False,0.0,0.0,False,False,10,10000
bank_marketing,ABC,signal_msp,signal_trust_score,0.01429262198282119,0.01089626181487537,0.01790003604946496,True,False,0.013401746613034917,0.015182810043721396,True,False,10,10000
eeg_eye_state,ABC,signal_msp,A0_rank,-0.0015321069485265903,-0.00263215333162704,-0.00039454808727418196,True,True,-0.0017688090499679665,-0.0012987348249767817,True,True,10,10000
eeg_eye_state,ABC,signal_msp,A1_lightgbm,-0.0031832684631124125,-0.006180365237837976,0.0014406349622471041,False,False,-0.003990653661167853,-0.002350764937807948,True,True,10,10000
eeg_eye_state,ABC,signal_msp,A1_logreg,-0.004785007757435792,-0.0073992125628001846,-0.0028649499600803636,True,True,-0.005273068678712282,-0.00431267313155816,True,True,10,10000
eeg_eye_state,ABC,signal_msp,A1_logreg_naive_meta,-0.004415114163639039,-0.007430980934711942,0.00038483859169481584,False,False,-0.005078789317117223,-0.0035669562601469587,True,True,10,10000
eeg_eye_state,ABC,signal_msp,A2_adaptive_loss3,-0.003915262731286063,-0.005817017572002745,-0.002255089072781663,True,True,-0.004325542833758423,-0.0035029160361007504,True,True,10,10000
eeg_eye_state,ABC,signal_msp,A2_mlp_bce,-0.0042949983532566205,-0.007100611564389234,-0.00021062156774708286,True,True,-0.005004052533158125,-0.0034050749666337844,True,True,10,10000
eeg_eye_state,ABC,signal_msp,A2_mlp_loss1,-0.0017725863317903368,-0.0036607248265163794,0.0020369421000008448,False,False,-0.002343680325219955,-0.001012254214571793,True,True,10,10000
eeg_eye_state,ABC,signal_msp,A2_mlp_loss2,-0.0011405364544427427,-0.0046593275613305155,0.00431956472563667,False,False,-0.0017086870593890004,-0.0003812545743776938,True,True,10,10000
eeg_eye_state,ABC,signal_msp,A2_mlp_loss3,-0.004220662358737946,-0.006865249776978424,0.000737349600408593,False,False,-0.004935901957955129,-0.003311907631597961,True,True,10,10000
eeg_eye_state,ABC,signal_msp,A2_rl_bandit,-0.004100023436531085,-0.006716100356331102,-5.6866975759772705e-05,True,True,-0.004766277039661407,-0.0033111873748977974,True,True,10,10000
eeg_eye_state,ABC,signal_msp,A2_rl_c0.5,0.15520451754877032,0.11453280154479235,0.19613450300317836,True,False,0.14730217145756652,0.16277864914961754,True,False,10,10000
eeg_eye_state,ABC,signal_msp,A2_rl_c1.0,0.14464945896056283,0.10494053602091319,0.18423505932449083,True,False,0.13706874057069027,0.1524670437031315,True,False,10,10000
eeg_eye_state,ABC,signal_msp,A2_rl_c10.0,-0.004084601735237417,-0.0066481332646715074,0.0003462859569742713,False,False,-0.004773447756586868,-0.003294631084371904,True,True,10,10000
eeg_eye_state,ABC,signal_msp,A2_rl_c3.0,-0.004513689287761792,-0.007068197931729527,-0.0025815151711682466,True,True,-0.00501573072080452,-0.00401945151883828,True,True,10,10000
eeg_eye_state,ABC,signal_msp,A2_rl_linear,0.0011976793532092766,-0.0019352889805208811,0.010126676401824377,False,False,0.00015491891560223027,0.0022976328978397643,True,False,10,10000
eeg_eye_state,ABC,signal_msp,oracle,-0.005968759529129165,-0.008971953148521481,-0.0036523786304768066,True,True,-0.0065133470617920975,-0.005421864031166854,True,True,10,10000
eeg_eye_state,ABC,signal_msp,random,0.055489334772134705,0.03592057808439472,0.08501765517124256,True,False,0.05166698789263934,0.05962134539931443,True,False,10,10000
eeg_eye_state,ABC,signal_msp,signal_calib_residual,0.016230206640889516,0.005583562557376026,0.03141171184623026,True,False,0.01428020161600572,0.018314638598075035,True,False,10,10000
eeg_eye_state,ABC,signal_msp,signal_energy,0.0,0.0,0.0,False,False,0.0,0.0,False,False,10,10000
eeg_eye_state,ABC,signal_msp,signal_ensemble_mean_pairwise_kl,0.005445170212586858,0.0027213113237520726,0.008592467012980129,True,False,0.004709716009402504,0.006192674487469442,True,False,10,10000
eeg_eye_state,ABC,signal_msp,signal_ensemble_topclass_variance,0.0023315054180893797,0.00020976623565937045,0.004353965277702737,True,False,0.0018369254654953184,0.002825717671881666,True,False,10,10000
eeg_eye_state,ABC,signal_msp,signal_ensemble_vote_entropy,0.03393931566724175,0.022625964687194383,0.046656356091284684,True,False,0.030550604154874834,0.03746199455431937,True,False,10,10000
eeg_eye_state,ABC,signal_msp,signal_entropy,0.0,0.0,0.0,False,False,0.0,0.0,False,False,10,10000
eeg_eye_state,ABC,signal_msp,signal_knn_distance,0.04108728398740809,0.02891274570730995,0.05349059706384868,True,False,0.03789115686517153,0.04427810885310854,True,False,10,10000
eeg_eye_state,ABC,signal_msp,signal_local_label_agreement,-0.00195289660326385,-0.005375304993542864,0.0014891001764191585,False,False,-0.002584687579943062,-0.0012534671311286224,True,True,10,10000
eeg_eye_state,ABC,signal_msp,signal_mahalanobis,0.07123153865974996,0.05231051720156181,0.09543670869033463,True,False,0.06651598671215048,0.07601244627892755,True,False,10,10000
eeg_eye_state,ABC,signal_msp,signal_margin_logit,0.0,0.0,0.0,False,False,0.0,0.0,False,False,10,10000
eeg_eye_state,ABC,signal_msp,signal_margin_prob,0.0,0.0,0.0,False,False,0.0,0.0,False,False,10,10000
eeg_eye_state,ABC,signal_msp,signal_temp_msp,0.0,0.0,0.0,False,False,0.0,0.0,False,False,10,10000
eeg_eye_state,ABC,signal_msp,signal_trust_score,-0.004564276803487341,-0.007486768202183562,-0.0022614207819465996,True,True,-0.005096070876326762,-0.0040478860662942606,True,True,10,10000
electricity,ABC,signal_msp,A0_rank,-0.010004394437375119,-0.01668875066215184,-0.004071929599770869,True,True,-0.010782709732394072,-0.009186341312470087,True,True,10,10000
electricity,ABC,signal_msp,A1_lightgbm,0.12848685902959042,0.05670054429107102,0.19732995078705445,True,False,0.12516387769635587,0.13176410090958954,True,False,10,10000
electricity,ABC,signal_msp,A1_logreg,0.0029539658854719248,0.0008253874053909608,0.006196004270258746,True,False,0.002623224588249159,0.0033045987011471123,True,False,10,10000
electricity,ABC,signal_msp,A1_logreg_naive_meta,0.04988714817089191,0.008325538288944374,0.09683573614598999,True,False,0.04747660722950385,0.052569025231486405,True,False,10,10000
electricity,ABC,signal_msp,A2_adaptive_loss3,0.002421138562128113,-0.0023203487617736635,0.017820493350215568,False,False,0.001962031983560325,0.002874423032762065,True,False,10,10000
electricity,ABC,signal_msp,A2_mlp_bce,0.007291515094149716,-0.003964616558919511,0.03295092915843701,False,False,0.006614230708954833,0.008001215614033877,True,False,10,10000
electricity,ABC,signal_msp,A2_mlp_loss1,0.011116432301504511,-0.012584699463472137,0.05707240893353659,False,False,0.009169471878595004,0.013026340699380199,True,False,10,10000
electricity,ABC,signal_msp,A2_mlp_loss2,-0.007423521390483104,-0.01527347014987676,-0.000497251068304337,True,True,-0.008288849237950929,-0.006574885097894286,True,True,10,10000
electricity,ABC,signal_msp,A2_mlp_loss3,0.016773976605991343,-0.0006988463069963188,0.08090673993593667,False,False,0.01572771426214287,0.01783903381118343,True,False,10,10000
electricity,ABC,signal_msp,A2_rl_bandit,0.08294445182711395,0.0024187223895557864,0.31780246559788067,True,False,0.08031243774490485,0.08587173955636355,True,False,10,10000
electricity,ABC,signal_msp,A2_rl_c0.5,0.098106381738911,0.03499804510446804,0.15517508229096125,True,False,0.09402008280490068,0.10219416341563795,True,False,10,10000
electricity,ABC,signal_msp,A2_rl_c1.0,0.08469489964412769,0.01758144286831582,0.14617415976420728,True,False,0.08104337246254087,0.08850022075624538,True,False,10,10000
electricity,ABC,signal_msp,A2_rl_c10.0,0.08293498130509684,0.002240828303592593,0.317650672721976,True,False,0.08012372891271637,0.0857965694490862,True,False,10,10000
electricity,ABC,signal_msp,A2_rl_c3.0,0.17272977379071616,0.07842603061496252,0.2445858596425012,True,False,0.16831893550617685,0.1771412037866935,True,False,10,10000
electricity,ABC,signal_msp,A2_rl_linear,0.24728186328384755,0.17894278846816478,0.3288418992208064,True,False,0.24270751572047494,0.2517820152723002,True,False,10,10000
electricity,ABC,signal_msp,oracle,-0.11136378160250127,-0.12647930083094325,-0.1002861603375608,True,True,-0.11342031394600009,-0.10932523106421951,True,True,10,10000
electricity,ABC,signal_msp,random,0.17773235952746555,0.15524354588128492,0.19872863146850697,True,False,0.17371988290956622,0.18214919925654074,True,False,10,10000
electricity,ABC,signal_msp,signal_calib_residual,0.09970097176684385,0.05338399986337273,0.17092217217676814,True,False,0.09594636938197192,0.10321011477365126,True,False,10,10000
electricity,ABC,signal_msp,signal_energy,3.6396892690415683e-09,-7.384849126518266e-08,1.0425157785376448e-07,False,False,-2.3562475105834423e-08,3.953450809938972e-08,False,False,10,10000
electricity,ABC,signal_msp,signal_ensemble_mean_pairwise_kl,-0.0083585712698069,-0.029281899217414482,0.016561375791195595,False,False,-0.010145529488418965,-0.006555079966328682,True,True,10,10000
electricity,ABC,signal_msp,signal_ensemble_topclass_variance,-0.01337690323860829,-0.030817299962498473,0.006283177755935265,False,False,-0.015083965738805947,-0.011711172549993822,True,True,10,10000
electricity,ABC,signal_msp,signal_ensemble_vote_entropy,0.15231820002007182,0.12679919832027528,0.17383968394959254,True,False,0.14826922114475719,0.15609759669175421,True,False,10,10000
electricity,ABC,signal_msp,signal_entropy,4.808651524421115e-09,0.0,6.500599925504664e-08,False,False,0.0,1.9035982986165266e-08,False,False,10,10000
electricity,ABC,signal_msp,signal_knn_distance,0.2175882232068784,0.1802693231293457,0.2517067684269695,True,False,0.21292677202598342,0.22255448731764885,True,False,10,10000
electricity,ABC,signal_msp,signal_local_label_agreement,0.02899211251641533,0.013658556021685643,0.04213677005020682,True,False,0.026264246878408472,0.031709023958222365,True,False,10,10000
electricity,ABC,signal_msp,signal_mahalanobis,0.243145849742702,0.2191410053731581,0.26326989934459794,True,False,0.23866541893934712,0.24755197027485107,True,False,10,10000
electricity,ABC,signal_msp,signal_margin_logit,-3.4339127351873387e-09,-8.489662707486522e-08,5.0978423787872984e-08,False,False,-3.288073832846683e-08,1.5806477411464676e-08,False,False,10,10000
electricity,ABC,signal_msp,signal_margin_prob,-3.6730330611850495e-08,-7.865174445280399e-07,7.038597613598368e-07,False,False,-2.4366042231778463e-07,1.7165655786882668e-07,False,False,10,10000
electricity,ABC,signal_msp,signal_temp_msp,5.3882895564849596e-11,0.0,2.895609211225891e-08,False,False,-8.555737301269017e-09,8.84715356544441e-09,False,False,10,10000
electricity,ABC,signal_msp,signal_trust_score,0.06624955570868442,0.04809349092670952,0.0813782399079971,True,False,0.06267888263078643,0.069737757490651,True,False,10,10000
german_credit,ABC,signal_msp,A0_rank,-0.009191461072882885,-0.047162599483517864,0.006693139478435949,False,False,-0.014864809663646448,-0.003927223841098206,True,True,10,10000
german_credit,ABC,signal_msp,A1_lightgbm,0.012481947690619383,-0.06465266708344916,0.07822742620162992,False,False,-0.0038361979576791386,0.02941087369989114,False,False,10,10000
german_credit,ABC,signal_msp,A1_logreg,0.0016635718005351353,-0.044273130346727786,0.04549407255580471,False,False,-0.007517554134125466,0.0113252791916731,False,False,10,10000
german_credit,ABC,signal_msp,A1_logreg_naive_meta,0.00818549324985586,-0.06377250039405681,0.0714183019281006,False,False,-0.00672397904093186,0.02345282200159433,False,False,10,10000
german_credit,ABC,signal_msp,A2_adaptive_loss3,0.010565278755969,-0.023126384718652016,0.06354775463412904,False,False,-0.0006141448133246704,0.021736672085070578,False,False,10,10000
german_credit,ABC,signal_msp,A2_mlp_bce,0.025757630696419648,-0.03354852100350328,0.11534798727984982,False,False,0.009914477870450102,0.04182264338979579,True,False,10,10000
german_credit,ABC,signal_msp,A2_mlp_loss1,0.03387274520821052,-0.04555359533108693,0.19334429192241873,False,False,0.016685231895158498,0.0516035985859153,True,False,10,10000
german_credit,ABC,signal_msp,A2_mlp_loss2,-0.0013398736244392146,-0.05408316293455017,0.049907460859838715,False,False,-0.012831736248069317,0.00909408401443091,False,False,10,10000
german_credit,ABC,signal_msp,A2_mlp_loss3,0.022525693028403838,-0.04015417890382531,0.1277110317485719,False,False,0.007766923819383246,0.03768933608905154,True,False,10,10000
german_credit,ABC,signal_msp,A2_rl_bandit,0.003773986600222711,-0.04059697635592466,0.055780975116170715,False,False,-0.009127709214332373,0.015612224467160454,False,False,10,10000
german_credit,ABC,signal_msp,A2_rl_c0.5,0.07269065464320305,-0.013218223386163384,0.19604468640400916,False,False,0.04817737293943858,0.09684829748176176,True,False,10,10000
german_credit,ABC,signal_msp,A2_rl_c1.0,0.05400803379493943,-0.02828142247695432,0.19266820378703503,False,False,0.03322623810968984,0.07495161038498975,True,False,10,10000
german_credit,ABC,signal_msp,A2_rl_c10.0,0.003600674916978692,-0.04074983042575981,0.05554906207041142,False,False,-0.008033281486567527,0.014818320533910986,False,False,10,10000
german_credit,ABC,signal_msp,A2_rl_c3.0,-0.000741074387850986,-0.04057670683925157,0.050207173034640576,False,False,-0.011821407216130408,0.009742629445290215,False,False,10,10000
german_credit,ABC,signal_msp,A2_rl_linear,0.006941964732496551,-0.04710858324822143,0.09612845980371107,False,False,-0.0076075461544498025,0.022340377044863947,False,False,10,10000
german_credit,ABC,signal_msp,oracle,-0.10038225036771517,-0.18542323801118604,-0.03375421570556049,True,True,-0.12007532174157891,-0.08250345893762549,True,True,10,10000
german_credit,ABC,signal_msp,random,0.12465219206415941,0.030342206010020384,0.223686060810861,True,False,0.09559424424277077,0.15283705770237194,True,False,10,10000
german_credit,ABC,signal_msp,signal_calib_residual,0.038193017054344594,-0.009471992918114123,0.10187407137571854,False,False,0.024391375256258577,0.053146651812659436,True,False,10,10000
german_credit,ABC,signal_msp,signal_energy,0.0,0.0,0.0,False,False,0.0,0.0,False,False,10,10000
german_credit,ABC,signal_msp,signal_ensemble_mean_pairwise_kl,0.006812682751666209,-0.03864135203723219,0.04445107995099644,False,False,-0.001966208332530606,0.016089646501816747,False,False,10,10000
german_credit,ABC,signal_msp,signal_ensemble_topclass_variance,0.00416005170072479,-0.045147008692321716,0.039831191919993486,False,False,-0.004685720400180815,0.013275775134825005,False,False,10,10000
german_credit,ABC,signal_msp,signal_ensemble_vote_entropy,0.07394968614922669,-0.024303675873697368,0.16690003433207692,False,False,0.04868875210727079,0.0995530320375657,True,False,10,10000
german_credit,ABC,signal_msp,signal_entropy,0.0,0.0,0.0,False,False,0.0,0.0,False,False,10,10000
german_credit,ABC,signal_msp,signal_knn_distance,0.06856872163955292,-0.032754635570873936,0.16790225243928958,False,False,0.04520046427621067,0.09363712332807665,True,False,10,10000
german_credit,ABC,signal_msp,signal_local_label_agreement,0.01340507274911359,-0.0552674256311135,0.07963732347981886,False,False,-0.002048758623324634,0.029452647888821286,False,False,10,10000
german_credit,ABC,signal_msp,signal_mahalanobis,0.061456734743816695,-0.02822769519131601,0.15364979321489175,False,False,0.03823485281889688,0.08589893130845043,True,False,10,10000
german_credit,ABC,signal_msp,signal_margin_logit,0.0,0.0,0.0,False,False,0.0,0.0,False,False,10,10000
german_credit,ABC,signal_msp,signal_margin_prob,0.0,0.0,0.0,False,False,0.0,0.0,False,False,10,10000
german_credit,ABC,signal_msp,signal_temp_msp,0.0,0.0,0.0,False,False,0.0,0.0,False,False,10,10000
german_credit,ABC,signal_msp,signal_trust_score,0.017582915653388643,-0.061675989730836475,0.11043521265817673,False,False,-0.000445268499999143,0.035423773911089605,False,False,10,10000
kr_vs_kp,ABC,signal_msp,A0_rank,2.5263234295355803e-05,-0.00033112814885378805,0.00040677989457016536,False,False,-5.937141383328317e-05,0.00011510443504931771,False,False,10,8952
kr_vs_kp,ABC,signal_msp,A1_lightgbm,0.0030135927752505346,-0.0007975359989782216,0.020954833323460667,False,False,0.0006091649662385894,0.006229839490362011,True,False,10,8971
kr_vs_kp,ABC,signal_msp,A1_logreg,0.003448700084888942,-0.0007126258825405829,0.026007878901276885,False,False,0.0003273919444030178,0.007904003055806548,True,False,10,8968
kr_vs_kp,ABC,signal_msp,A1_logreg_naive_meta,0.0013102301339209524,-0.00028287089352034556,0.007307908526305073,False,False,0.0003243364945401761,0.0025764793279910952,True,False,10,8963
kr_vs_kp,ABC,signal_msp,A2_adaptive_loss3,0.001594424365053924,-0.00035968053596138435,0.021485306371147067,False,False,4.436330893728048e-05,0.004444760481325095,True,False,10,9011
kr_vs_kp,ABC,signal_msp,A2_mlp_bce,0.010013260843245055,-0.00011610238273920678,0.03691065744595597,False,False,0.004997288894608925,0.016484966059676323,True,False,10,8965
kr_vs_kp,ABC,signal_msp,A2_mlp_loss1,0.012588973836897978,-9.861370718818662e-05,0.0448268611647121,False,False,0.006247410929817494,0.020047456560868527,True,False,10,9012
kr_vs_kp,ABC,signal_msp,A2_mlp_loss2,0.008143132633071263,-0.00014305901991978144,0.037506201201314905,False,False,0.003416194050293762,0.01466468016103721,True,False,10,8971
kr_vs_kp,ABC,signal_msp,A2_mlp_loss3,0.009773032729932669,-0.0007646579537485036,0.05132098442845169,False,False,0.0041886446670054145,0.01672460621971372,True,False,10,8967
kr_vs_kp,ABC,signal_msp,A2_rl_bandit,0.011908773559568243,-0.00022874190218629873,0.05707888185022423,False,False,0.006254370016172913,0.019023400867100877,True,False,10,8988
kr_vs_kp,ABC,signal_msp,A2_rl_c0.5,0.01693280438172699,-4.3877346565480395e-06,0.05429650949176441,False,False,0.010113789407174096,0.02479734467204857,True,False,10,8913
kr_vs_kp,ABC,signal_msp,A2_rl_c1.0,0.014864329209598057,5.425545659114215e-05,0.04513889827704772,True,False,0.009203725131239578,0.021639979916804074,True,False,10,9000
kr_vs_kp,ABC,signal_msp,A2_rl_c10.0,0.012064515382476073,-0.00020628097287297216,0.05695936662983654,False,False,0.006016580768798616,0.019300645215538478,True,False,10,8955
kr_vs_kp,ABC,signal_msp,A2_rl_c3.0,0.010329431154596924,-0.0001389725833708201,0.038117788145863626,False,False,0.004988481986957891,0.01655191238874659,True,False,10,8921
kr_vs_kp,ABC,signal_msp,A2_rl_linear,0.0006656716323122346,-0.0007304160999613289,0.00962566389396416,False,False,-8.731634336293584e-05,0.0017988557852027937,False,False,10,8938
kr_vs_kp,ABC,signal_msp,oracle,-0.0003025801097647473,-0.0015366887003356931,0.0,False,False,-0.0005557630053992691,-0.00014204258423803089,True,True,10,8933
kr_vs_kp,ABC,signal_msp,random,0.007010145209321395,-0.0006012120030695064,0.025023160776802868,False,False,0.004227564619155678,0.01054006868040296,True,False,10,8966
kr_vs_kp,ABC,signal_msp,signal_calib_residual,0.0001271486841265477,-9.73066750769433e-05,0.0009295242836440843,False,False,1.4947312399096522e-05,0.00028849964433508453,True,False,10,8942
kr_vs_kp,ABC,signal_msp,signal_energy,0.0,0.0,0.0,False,False,0.0,0.0,False,False,10,8937
kr_vs_kp,ABC,signal_msp,signal_ensemble_mean_pairwise_kl,0.00011154999014380187,-0.00039307404049859486,0.0010802805629927614,False,False,-9.389981617896843e-06,0.00026236112154645554,False,False,10,8964
kr_vs_kp,ABC,signal_msp,signal_ensemble_topclass_variance,6.853099133056596e-05,-0.0002908819024948187,0.0007971015046342909,False,False,-2.8194470085108407e-05,0.000182681872231117,False,False,10,8993
kr_vs_kp,ABC,signal_msp,signal_ensemble_vote_entropy,0.006400530785372207,0.0,0.020662000629577668,False,False,0.0034191532388520365,0.010077702706382585,True,False,10,8941
kr_vs_kp,ABC,signal_msp,signal_entropy,0.0,0.0,0.0,False,False,0.0,0.0,False,False,10,8963
kr_vs_kp,ABC,signal_msp,signal_knn_distance,0.0038361300589329315,0.0001785017957464728,0.012592775282060023,True,False,0.002253514796732615,0.005719023041357386,True,False,10,8974
kr_vs_kp,ABC,signal_msp,signal_local_label_agreement,0.0016737745641011807,-0.00011801532408715601,0.012104327095977458,False,False,0.0005316268318391083,0.003384616712822973,True,False,10,8954
kr_vs_kp,ABC,signal_msp,signal_mahalanobis,0.003402567917834976,-0.0002706369543161934,0.011952974310292755,False,False,0.0017784464297181993,0.005400401825488345,True,False,10,8966
kr_vs_kp,ABC,signal_msp,signal_margin_logit,0.0,0.0,0.0,False,False,0.0,0.0,False,False,10,8918
kr_vs_kp,ABC,signal_msp,signal_margin_prob,0.0,0.0,0.0,False,False,0.0,0.0,False,False,10,8955
kr_vs_kp,ABC,signal_msp,signal_temp_msp,0.0,0.0,0.0,False,False,0.0,0.0,False,False,10,8954
kr_vs_kp,ABC,signal_msp,signal_trust_score,0.004233852964273838,-2.5610719672544693e-05,0.022231747514376496,False,False,0.0019346480590542211,0.007458547128292951,True,False,10,8929
letter,ABC,signal_msp,A0_rank,0.00020064055128014906,-1.795528922291433e-05,0.00043097577845465377,False,False,0.00014533474743503387,0.00026087037230104304,True,False,10,10000
letter,ABC,signal_msp,A1_lightgbm,0.0004889170594581799,-0.00011940961825309977,0.0020339169893987988,False,False,0.00021156705236600266,0.0008093728841389136,True,False,10,10000
letter,ABC,signal_msp,A1_logreg,-5.687583046982239e-06,-0.0001852111664616189,0.0003170802487508142,False,False,-4.8768522239583255e-05,3.736475588283103e-05,False,False,10,10000
letter,ABC,signal_msp,A1_logreg_naive_meta,4.73344050147539e-05,-0.00014530057253446665,0.00033025774525042277,False,False,-2.853174144495768e-06,9.875112414371564e-05,False,False,10,10000
letter,ABC,signal_msp,A2_adaptive_loss3,0.0002496119511993119,-0.00014109579019958967,0.0011255867591820044,False,False,0.00013267038324128914,0.0003801130662510291,True,False,10,10000
letter,ABC,signal_msp,A2_mlp_bce,0.00013316870094625487,-0.00023050378261628025,0.0012813825415406556,False,False,1.4930174069852399e-05,0.00030800015246923093,True,False,10,10000
letter,ABC,signal_msp,A2_mlp_loss1,0.0011980351714607532,-2.3452608510029076e-05,0.004873823343899252,False,False,0.0006292034092786418,0.001873767463215112,True,False,10,10000
letter,ABC,signal_msp,A2_mlp_loss2,0.0001778168491878834,-0.00020212343840985282,0.002453144857701359,False,False,4.286000561680533e-06,0.0005291470694332418,True,False,10,10000
letter,ABC,signal_msp,A2_mlp_loss3,0.00024339905959335325,-0.00021643716442909348,0.003021780434398093,False,False,2.312117913241843e-05,0.0006222964337746553,True,False,10,10000
letter,ABC,signal_msp,A2_rl_bandit,0.0007425460245622944,-0.00020042003620124928,0.0042661012630187635,False,False,0.00028242718000247546,0.0013167777808147417,True,False,10,10000
letter,ABC,signal_msp,A2_rl_c0.5,0.04146046789615032,0.017397550404178612,0.06623373845530144,True,False,0.037743346911784034,0.04555792548784245,True,False,10,10000
letter,ABC,signal_msp,A2_rl_c1.0,0.024426796069860028,0.007598317933406108,0.050293472896653646,True,False,0.021561423059833783,0.02720414202161219,True,False,10,10000
letter,ABC,signal_msp,A2_rl_c10.0,0.0007245049435698628,-0.00020480163814101565,0.00429472796305668,False,False,0.0002528862129131422,0.0013134591311896816,True,False,10,10000
letter,ABC,signal_msp,A2_rl_c3.0,0.005545863483768353,0.0008639663838318015,0.017090178992013746,True,False,0.004287154669196302,0.006879411414254908,True,False,10,10000
letter,ABC,signal_msp,A2_rl_linear,0.0015113478570229185,3.2383716475213134e-05,0.004991998009472811,True,False,0.0009371743645383993,0.0021419544749936886,True,False,10,10000
letter,ABC,signal_msp,oracle,-0.000909587351915156,-0.0015391133574524304,-0.0005311597896395847,True,True,-0.0010320830745414243,-0.000800882757687033,True,True,10,10000
letter,ABC,signal_msp,random,0.026177371384750837,0.016801183944799326,0.03943868262153472,True,False,0.02384611832604454,0.028792109318329363,True,False,10,10000
letter,ABC,signal_msp,signal_calib_residual,0.0005540759373013972,0.00018503704325366162,0.0011324101388610853,True,False,0.0004655303403708234,0.0006598564767765062,True,False,10,10000
letter,ABC,signal_msp,signal_energy,0.0006895672384669275,0.00021712889612205208,0.0012654044377665582,True,False,0.0005677364213145345,0.0008255865509167726,True,False,10,10000
letter,ABC,signal_msp,signal_ensemble_mean_pairwise_kl,0.00039391492799868634,5.691667693243708e-07,0.000924010123539844,True,False,0.0002960550841005324,0.000489570277344132,True,False,10,10000
letter,ABC,signal_msp,signal_ensemble_topclass_variance,0.000360682354820068,-1.5159402486707976e-05,0.0009566039258914811,False,False,0.0002589718829560755,0.00045910280882962087,True,False,10,10000
letter,ABC,signal_msp,signal_ensemble_vote_entropy,0.017107147819759083,0.010464649525879532,0.025021544150334793,True,False,0.015098162113442722,0.019404304466705574,True,False,10,10000
letter,ABC,signal_msp,signal_entropy,2.3399539098546106e-07,-3.632990237646587e-05,4.2803021994327e-05,False,False,-7.834210162139532e-06,8.280513266051731e-06,False,False,10,10000
letter,ABC,signal_msp,signal_knn_distance,0.007736921852357665,0.004992390678840714,0.011128696958904916,True,False,0.007015282571641505,0.00845224929134108,True,False,10,10000
letter,ABC,signal_msp,signal_local_label_agreement,0.0016553948210912943,0.0005909737526341267,0.004031713781295311,True,False,0.0013051831425103964,0.002118013806885964,True,False,10,10000
letter,ABC,signal_msp,signal_logitnorm_msp,0.0005973258014870238,0.00014632752511922265,0.0012129992386924456,True,False,0.00048149865228191155,0.0007144776702947566,True,False,10,10000
letter,ABC,signal_msp,signal_mahalanobis,0.013638444793857145,0.008001643134228083,0.020612275702525218,True,False,0.012183365740285624,0.01516674569811324,True,False,10,10000
letter,ABC,signal_msp,signal_margin_logit,1.4001154683255546e-05,-3.516076162749111e-05,6.343257115456837e-05,False,False,3.498785974399548e-06,2.4618428858097557e-05,True,False,10,10000
letter,ABC,signal_msp,signal_margin_prob,4.240248103446766e-06,-1.969083002665115e-05,2.7368155542195304e-05,False,False,-1.0002057300416376e-06,9.706570314044744e-06,False,False,10,10000
letter,ABC,signal_msp,signal_temp_msp,7.36097556380584e-06,-5.08980846705836e-05,7.04668150616256e-05,False,False,-6.1002974108876325e-06,2.0419778772692003e-05,False,False,10,10000
letter,ABC,signal_msp,signal_trust_score,0.0013714781665761548,0.0002520469782556785,0.002943688541364968,True,False,0.0010854648712868955,0.0016577053613197848,True,False,10,10000
magic_telescope,ABC,signal_msp,A0_rank,-0.0005197124677076846,-0.0024835565171427766,0.0014488833464498892,False,False,-0.0010349873962006712,-1.8775892765801497e-05,True,True,10,10000
magic_telescope,ABC,signal_msp,A1_lightgbm,0.0061963595534503795,0.001463939469112049,0.011173201686455036,True,False,0.005132077681735474,0.007228251709254748,True,False,10,10000
magic_telescope,ABC,signal_msp,A1_logreg,-0.0006539142280366963,-0.001854619129134828,0.0006135651223560979,False,False,-0.0009393188417217707,-0.0003624167009394799,True,True,10,10000
magic_telescope,ABC,signal_msp,A1_logreg_naive_meta,-0.0001827182752485037,-0.0016184845042820808,0.0024067928828554754,False,False,-0.000540365368431946,0.0002149209723065828,False,False,10,10000
magic_telescope,ABC,signal_msp,A2_adaptive_loss3,0.0026482070989273915,-0.0007102350870350169,0.006475482442512505,False,False,0.001879201488115481,0.0034127212080734344,True,False,10,10000
magic_telescope,ABC,signal_msp,A2_mlp_bce,0.0011776833115854594,-0.0014590417301127653,0.005738439734463793,False,False,0.0004948274377274328,0.001854464917873364,True,False,10,10000
magic_telescope,ABC,signal_msp,A2_mlp_loss1,0.001673432036505801,-0.0006540809285605359,0.006137349243049123,False,False,0.001096869782596719,0.002247551104552046,True,False,10,10000
magic_telescope,ABC,signal_msp,A2_mlp_loss2,0.0008045000071480185,-0.0012691567062432128,0.0039054062597531324,False,False,0.0003387716133687079,0.0012663146045301637,True,False,10,10000
magic_telescope,ABC,signal_msp,A2_mlp_loss3,0.002017812456629822,-0.0012043082260102078,0.007121895376245729,False,False,0.00116754136209348,0.002863027126758836,True,False,10,10000
magic_telescope,ABC,signal_msp,A2_rl_bandit,0.0015889477739994776,-0.0006869191340863676,0.005510461989865946,False,False,0.001019359396404117,0.00216305936293202,True,False,10,10000
magic_telescope,ABC,signal_msp,A2_rl_c0.5,0.14168869288535202,0.11464538627679302,0.16863130549022814,True,False,0.1345242642550925,0.1485897475655491,True,False,10,10000
magic_telescope,ABC,signal_msp,A2_rl_c1.0,0.11685625925435482,0.06698874732723722,0.15250984431318437,True,False,0.11005710046156536,0.12316800328355182,True,False,10,10000
magic_telescope,ABC,signal_msp,A2_rl_c10.0,0.0015827037182371499,-0.0007040462938695414,0.005553698713216745,False,False,0.001012170751066739,0.0021447354100144695,True,False,10,10000
magic_telescope,ABC,signal_msp,A2_rl_c3.0,0.008097185714745294,0.002668505006097996,0.018179999695511838,True,False,0.006692411013402494,0.00947053259057226,True,False,10,10000
magic_telescope,ABC,signal_msp,A2_rl_linear,0.013648101962018131,0.003988935993417892,0.022821708875342326,True,False,0.011913324178090294,0.015501903928416244,True,False,10,10000
magic_telescope,ABC,signal_msp,oracle,-0.02759776101487837,-0.03400989974404757,-0.021532365549406327,True,True,-0.029202355743964632,-0.026035133711693435,True,True,10,10000
magic_telescope,ABC,signal_msp,random,0.08100210822743707,0.06456012592924927,0.09932590667250052,True,False,0.07649242610456417,0.0856174102468866,True,False,10,10000
magic_telescope,ABC,signal_msp,signal_calib_residual,0.03583563562594296,0.011947055212838998,0.05767146119939929,True,False,0.03296372533668754,0.03904036246340373,True,False,10,10000
magic_telescope,ABC,signal_msp,signal_energy,-6.330074626429566e-09,-1.232014892604827e-07,0.0,False,False,-4.9333270490323215e-08,0.0,False,False,10,10000
magic_telescope,ABC,signal_msp,signal_ensemble_mean_pairwise_kl,0.007020434982453094,0.0023948788213744242,0.012067832440974114,True,False,0.005946143955226463,0.00820162334310808,True,False,10,10000
magic_telescope,ABC,signal_msp,signal_ensemble_topclass_variance,0.0023307664950355184,-0.0010305627221876225,0.005566336527250924,False,False,0.0015332373867407605,0.003166795644925803,True,False,10,10000
magic_telescope,ABC,signal_msp,signal_ensemble_vote_entropy,0.06018459336100854,0.046179569833480275,0.07536967027065464,True,False,0.05616372950679089,0.06445051848069619,True,False,10,10000
magic_telescope,ABC,signal_msp,signal_entropy,-5.749277714860515e-09,0.0,0.0,False,False,-4.9280598748285834e-08,0.0,False,False,10,10000
magic_telescope,ABC,signal_msp,signal_knn_distance,0.06864477112827774,0.051120357206493244,0.09056734486692547,True,False,0.06461413109275185,0.07262210636106697,True,False,10,10000
magic_telescope,ABC,signal_msp,signal_local_label_agreement,0.0254774810095581,0.015570834476688859,0.03649965072661096,True,False,0.02309515036960847,0.02794794568723472,True,False,10,10000
magic_telescope,ABC,signal_msp,signal_mahalanobis,0.06706824741754439,0.05143791381131393,0.08728188456704833,True,False,0.06317224545374836,0.07135603366335141,True,False,10,10000
magic_telescope,ABC,signal_msp,signal_margin_logit,0.0,0.0,0.0,False,False,0.0,0.0,False,False,10,10000
magic_telescope,ABC,signal_msp,signal_margin_prob,0.0,0.0,0.0,False,False,0.0,0.0,False,False,10,10000
magic_telescope,ABC,signal_msp,signal_temp_msp,0.0,0.0,0.0,False,False,0.0,0.0,False,False,10,10000
magic_telescope,ABC,signal_msp,signal_trust_score,0.01688810504613179,0.009673387534002922,0.024959647766907966,True,False,0.015004814915114188,0.018765872327535602,True,False,10,10000
nomao,ABC,signal_msp,A0_rank,0.0002811221089182837,-2.1985321398159426e-05,0.0005765043240582834,False,False,0.00019844179576889045,0.0003633201651650949,True,False,10,10000
nomao,ABC,signal_msp,A1_lightgbm,0.0008084398308601017,-6.389559704123401e-06,0.002266732588094797,False,False,0.0005840855353480016,0.0010571226870565713,True,False,10,10000
nomao,ABC,signal_msp,A1_logreg,1.9922660932824383e-05,-0.00011867320691571246,0.0002507208379070304,False,False,-2.334697139383434e-05,6.739284414594158e-05,False,False,10,10000
nomao,ABC,signal_msp,A1_logreg_naive_meta,9.952555712496139e-05,-9.33828956251815e-05,0.0006456935794765425,False,False,2.626725464284896e-05,0.0001858456100391174,True,False,10,10000
nomao,ABC,signal_msp,A2_adaptive_loss3,0.0005034195911907675,-4.60980412393064e-05,0.0016992742131874516,False,False,0.0003056091139581427,0.0007310457682518953,True,False,10,10000
nomao,ABC,signal_msp,A2_mlp_bce,0.0006135438245707377,-6.047620824595384e-05,0.004376748248529594,False,False,0.00018282155049991524,0.001121483810014658,True,False,10,10000
nomao,ABC,signal_msp,A2_mlp_loss1,0.0016266679262929124,7.977561704498161e-05,0.007202503515645612,True,False,0.0009855377612937798,0.0024768557203438102,True,False,10,10000
nomao,ABC,signal_msp,A2_mlp_loss2,0.00033341834963257055,-7.86523070278493e-05,0.0025386423014932312,False,False,0.0001135921194636389,0.0007066329962449925,True,False,10,10000
nomao,ABC,signal_msp,A2_mlp_loss3,0.0006698926536244293,-6.427729665596473e-05,0.0031753524861992976,False,False,0.00034059142326827466,0.0010692416647385531,True,False,10,10000
nomao,ABC,signal_msp,A2_rl_bandit,0.0031986758610398707,0.00022294889907722968,0.01074973258569079,True,False,0.0023626247214217928,0.0041116906445784205,True,False,10,10000
nomao,ABC,signal_msp,A2_rl_c0.5,0.0717927477343327,0.053263793757759206,0.09290766314103129,True,False,0.06757768700455026,0.07593136829223802,True,False,10,10000
nomao,ABC,signal_msp,A2_rl_c1.0,0.06569848676041282,0.04689251138621064,0.0898431128472939,True,False,0.061754861443447356,0.06944695817638688,True,False,10,10000
nomao,ABC,signal_msp,A2_rl_c10.0,0.003214937981499257,0.00022566932292252163,0.010808584356410586,True,False,0.002385257876356521,0.004116274103528008,True,False,10,10000
nomao,ABC,signal_msp,A2_rl_c3.0,0.008355334673571163,0.0014830675049703598,0.02256695675616699,True,False,0.00695036084633814,0.009881743101055112,True,False,10,10000
nomao,ABC,signal_msp,A2_rl_linear,0.00188622023360739,0.0002851320157703643,0.005191471792067292,True,False,0.0013904528079422256,0.002506981569122804,True,False,10,10000
nomao,ABC,signal_msp,oracle,-0.001384200684695761,-0.0021677216714693684,-0.0008822227085581951,True,True,-0.0015130680511414815,-0.001256818028761827,True,True,10,10000
nomao,ABC,signal_msp,random,0.026315043603757925,0.018648045590136896,0.03542186807797033,True,False,0.02422558025615097,0.028281209432058894,True,False,10,10000
nomao,ABC,signal_msp,signal_calib_residual,0.001051636651847667,0.0004124431445713579,0.0018137407284349219,True,False,0.0008810353194575961,0.0012267774616298666,True,False,10,10000
nomao,ABC,signal_msp,signal_energy,0.0,0.0,0.0,False,False,0.0,0.0,False,False,10,10000
nomao,ABC,signal_msp,signal_ensemble_mean_pairwise_kl,0.00036416205987683457,-2.5325626609088173e-05,0.0007905457133706979,False,False,0.00027196456408145334,0.00045171722811624966,True,False,10,10000
nomao,ABC,signal_msp,signal_ensemble_topclass_variance,0.00014551176678383776,-0.00012441002967077792,0.0004379734963045868,False,False,8.053337374157872e-05,0.00021661775982716942,True,False,10,10000
nomao,ABC,signal_msp,signal_ensemble_vote_entropy,0.019417627987648102,0.012908918054205559,0.026649030091224636,True,False,0.01770983333868853,0.02117998503636306,True,False,10,10000
nomao,ABC,signal_msp,signal_entropy,0.0,0.0,0.0,False,False,0.0,0.0,False,False,10,10000
nomao,ABC,signal_msp,signal_knn_distance,0.018856019003219336,0.013231813547845321,0.02541015947107881,True,False,0.01716177368830929,0.020468755962801344,True,False,10,10000
nomao,ABC,signal_msp,signal_local_label_agreement,0.005010538847777123,0.002269559464965671,0.008505289412703154,True,False,0.004276048756050003,0.005843579978051219,True,False,10,10000
nomao,ABC,signal_msp,signal_mahalanobis,0.018273800082349245,0.013387475850970118,0.02413631061867491,True,False,0.017001106774491792,0.01960480053493746,True,False,10,10000
nomao,ABC,signal_msp,signal_margin_logit,0.0,0.0,0.0,False,False,0.0,0.0,False,False,10,10000
nomao,ABC,signal_msp,signal_margin_prob,0.0,0.0,0.0,False,False,0.0,0.0,False,False,10,10000
nomao,ABC,signal_msp,signal_temp_msp,0.0,0.0,0.0,False,False,0.0,0.0,False,False,10,10000
nomao,ABC,signal_msp,signal_trust_score,0.0032919504675481006,0.0015498337737056545,0.005592811869534882,True,False,0.0027863105613897703,0.0038281523987445908,True,False,10,10000
phoneme,ABC,signal_msp,A0_rank,-0.0013742346410435975,-0.0035690895676677393,0.0006945320664757963,False,False,-0.0019166592204544388,-0.0008241629627189828,True,True,10,10000
phoneme,ABC,signal_msp,A1_lightgbm,-0.000270627790040448,-0.006598941415653933,0.007517309343170524,False,False,-0.0018300195248383774,0.0015736133190507328,False,False,10,10000
phoneme,ABC,signal_msp,A1_logreg,-0.0018884047975567904,-0.004881752455883272,0.00174478151736434,False,False,-0.0026327165645882245,-0.0012009009463475372,True,True,10,10000
phoneme,ABC,signal_msp,A1_logreg_naive_meta,-0.0011241032794936066,-0.004692899576210686,0.002918555064040885,False,False,-0.0019365577032758054,-0.00025199030196133837,True,True,10,10000
phoneme,ABC,signal_msp,A2_adaptive_loss3,0.0017940494217716448,-0.002587590230295814,0.009799156461226708,False,False,0.0006742148161263788,0.0030241293943408225,True,False,10,10000
phoneme,ABC,signal_msp,A2_mlp_bce,0.0005182516039171879,-0.0038883601977350024,0.0052502997269243444,False,False,-0.0005786265371665406,0.0016381296375994258,False,False,10,10000
phoneme,ABC,signal_msp,A2_mlp_loss1,0.00038440789131771454,-0.0024830247472174515,0.004018104179245263,False,False,-0.00021106186929955784,0.0010239871579587358,False,False,10,10000
phoneme,ABC,signal_msp,A2_mlp_loss2,7.21195116414187e-05,-0.002985746513137503,0.0035497530812002237,False,False,-0.0006567199487879485,0.0008049852829497893,False,False,10,10000
phoneme,ABC,signal_msp,A2_mlp_loss3,0.00012580970636667956,-0.004524054501782131,0.005533019283809521,False,False,-0.0009226924605910711,0.001231279814245563,False,False,10,10000
phoneme,ABC,signal_msp,A2_rl_bandit,0.0005651422762497282,-0.003430203130863927,0.005798735491319912,False,False,-0.0003814998382433949,0.001526072001551031,False,False,10,10000
phoneme,ABC,signal_msp,A2_rl_c0.5,0.15096891670798226,0.08366304055420265,0.21485408659462923,True,False,0.1380259282400616,0.16425680904001386,True,False,10,10000
phoneme,ABC,signal_msp,A2_rl_c1.0,0.12326888549519753,0.06628200556884724,0.20518034143404332,True,False,0.11175347589871609,0.13501504404782247,True,False,10,10000
phoneme,ABC,signal_msp,A2_rl_c10.0,0.0005638499468117139,-0.003414419010197166,0.005795228418282385,False,False,-0.0003509354215683644,0.0016052115938402103,False,False,10,10000
phoneme,ABC,signal_msp,A2_rl_c3.0,0.004221736629209625,-0.001958768559820169,0.017991810078365818,False,False,0.0021235541711860733,0.006597051822948161,True,False,10,10000
phoneme,ABC,signal_msp,A2_rl_linear,0.008734257247640508,-0.0008368074596241708,0.02802691330807555,False,False,0.006230555972515273,0.01160093854918352,True,False,10,10000
phoneme,ABC,signal_msp,oracle,-0.01597051143844237,-0.023856847021618426,-0.009097983691439982,True,True,-0.01775511964800342,-0.014178896156903126,True,True,10,10000
phoneme,ABC,signal_msp,random,0.07248117166859797,0.03950313812705815,0.11134412757012449,True,False,0.06456150660192013,0.08055078495814164,True,False,10,10000
phoneme,ABC,signal_msp,signal_calib_residual,0.012101607198935225,0.001766785873365831,0.02618866603301623,True,False,0.009995801309994392,0.014262458399011172,True,False,10,10000
phoneme,ABC,signal_msp,signal_energy,0.0,0.0,0.0,False,False,0.0,0.0,False,False,10,10000
phoneme,ABC,signal_msp,signal_ensemble_mean_pairwise_kl,0.003161853349891888,-0.0012381997244184392,0.008390656428328322,False,False,0.0019466278677098756,0.004318214827622202,True,False,10,10000
phoneme,ABC,signal_msp,signal_ensemble_topclass_variance,0.001812895777270326,-0.0017016770757035129,0.0058536584565406415,False,False,0.0007868955172447516,0.002853505742263503,True,False,10,10000
phoneme,ABC,signal_msp,signal_ensemble_vote_entropy,0.056192888381016735,0.03346063096830471,0.08226373603933884,True,False,0.04922677493454395,0.06388490835341873,True,False,10,10000
phoneme,ABC,signal_msp,signal_entropy,0.0,0.0,0.0,False,False,0.0,0.0,False,False,10,10000
phoneme,ABC,signal_msp,signal_knn_distance,0.057158953693373656,0.03329503275407331,0.08572494958404472,True,False,0.05072598449144206,0.06375733846120739,True,False,10,10000
phoneme,ABC,signal_msp,signal_local_label_agreement,0.010070460094329966,0.0008653157843302609,0.025955266739592333,True,False,0.00712026645686934,0.013148733425385325,True,False,10,10000
phoneme,ABC,signal_msp,signal_mahalanobis,0.06210195712140295,0.0383637847722528,0.09853741818071628,True,False,0.05529602970061875,0.06901100094110264,True,False,10,10000
phoneme,ABC,signal_msp,signal_margin_logit,0.0,0.0,0.0,False,False,0.0,0.0,False,False,10,10000
phoneme,ABC,signal_msp,signal_margin_prob,0.0,0.0,0.0,False,False,0.0,0.0,False,False,10,10000
phoneme,ABC,signal_msp,signal_temp_msp,0.0,0.0,0.0,False,False,0.0,0.0,False,False,10,10000
phoneme,ABC,signal_msp,signal_trust_score,-0.0026149759361687674,-0.009672399494786455,0.003685690880921792,False,False,-0.004236519775678897,-0.0010261193744838869,True,True,10,10000
satimage,ABC,signal_msp,A0_rank,0.00012817744308598933,-0.0011606390754580452,0.001241752110788423,False,False,-0.00016331909890458272,0.0004252089561390543,False,False,10,10000
satimage,ABC,signal_msp,A1_lightgbm,0.004058007709490278,-0.0006237758127367763,0.015779597750417425,False,False,0.002218613996380859,0.006039218252777007,True,False,10,10000
satimage,ABC,signal_msp,A1_logreg,-0.00046686152535150107,-0.002036222385765614,0.0011635136228439298,False,False,-0.0008209045151241733,-0.00015492038115129267,True,True,10,10000
satimage,ABC,signal_msp,A1_logreg_naive_meta,0.00010781586555770859,-0.0019760143335164847,0.0020871116061449402,False,False,-0.00030277740795487236,0.0004995918745091689,False,False,10,10000
satimage,ABC,signal_msp,A2_adaptive_loss3,0.001160054075409807,-0.0012902058574628143,0.004391675244760738,False,False,0.0005855596463602398,0.0017824105859720705,True,False,10,10000
satimage,ABC,signal_msp,A2_mlp_bce,0.001784830874857676,-0.0015003079253865133,0.007150427662649137,False,False,0.00095721945469879,0.0027274350108076467,True,False,10,10000
satimage,ABC,signal_msp,A2_mlp_loss1,0.0002301377481797565,-0.0013204737619066744,0.0021487929388980405,False,False,-9.215721985347943e-05,0.0005430743675312111,False,False,10,10000
satimage,ABC,signal_msp,A2_mlp_loss2,-2.1301410227684885e-05,-0.0013537335156708168,0.0012566735692421448,False,False,-0.00031060134733298033,0.0002430533675761412,False,False,10,10000
satimage,ABC,signal_msp,A2_mlp_loss3,0.0020275140218683034,-0.0012264855989989635,0.007454560154509566,False,False,0.0010928735653041787,0.003033551811172261,True,False,10,10000
satimage,ABC,signal_msp,A2_rl_bandit,0.0009817473156294699,-0.0012880621459794872,0.008594903783067029,False,False,0.00020110878174122863,0.0018392271761122746,True,False,10,10000
satimage,ABC,signal_msp,A2_rl_c0.5,0.0750962261023511,0.03597904346195273,0.1390565049617453,True,False,0.06678100114892835,0.08336065507924663,True,False,10,10000
satimage,ABC,signal_msp,A2_rl_c1.0,0.07803600780982956,0.015967946504899196,0.16455726153726896,True,False,0.06949297252745901,0.0864157294947216,True,False,10,10000
satimage,ABC,signal_msp,A2_rl_c10.0,0.0009551188711065642,-0.0013147289292729425,0.008350987059125523,False,False,0.00019540862072087007,0.0018322358217839503,True,False,10,10000
satimage,ABC,signal_msp,A2_rl_c3.0,0.01670213143934304,-0.0010773633975433574,0.06963255609158868,False,False,0.012718187224240953,0.02096777294831005,True,False,10,10000
satimage,ABC,signal_msp,A2_rl_linear,0.007123500790854834,-0.000500700396539362,0.021119849847260147,False,False,0.005039414278847584,0.009563307657939613,True,False,10,10000
satimage,ABC,signal_msp,oracle,-0.007243339197105533,-0.011762126764873993,-0.0037178060819447333,True,True,-0.00830344769620597,-0.0063645819396554535,True,True,10,10000
satimage,ABC,signal_msp,random,0.060310191035987296,0.034586863447659925,0.08857351558548142,True,False,0.054344854101827114,0.06676428793127005,True,False,10,10000
satimage,ABC,signal_msp,signal_calib_residual,0.0024946046915561605,0.0003018119697317011,0.007579716221056343,True,False,0.001927653729942066,0.0030687230500871764,True,False,10,10000
satimage,ABC,signal_msp,signal_energy,0.0012798906421754228,-0.00042197472393244154,0.0031148674137652823,False,False,0.000875024695993891,0.0017033947647456652,True,False,10,10000
satimage,ABC,signal_msp,signal_ensemble_mean_pairwise_kl,0.0007878687830112723,-0.0008622994561448897,0.0024354375208594527,False,False,0.0003644411321375016,0.0012056219017030953,True,False,10,10000
satimage,ABC,signal_msp,signal_ensemble_topclass_variance,0.0007944195410446456,-0.0007799376281630235,0.0023457622036599625,False,False,0.0004054049168140494,0.0011715091626285916,True,False,10,10000
satimage,ABC,signal_msp,signal_ensemble_vote_entropy,0.04885553432635481,0.023832617424394874,0.07520356378163454,True,False,0.04289600703354864,0.05483063618446154,True,False,10,10000
satimage,ABC,signal_msp,signal_entropy,-6.387289849942464e-06,-9.457035983751753e-05,7.346792498464015e-05,False,False,-2.5550231000598913e-05,1.3673047075305457e-05,False,False,10,10000
satimage,ABC,signal_msp,signal_knn_distance,0.03914018593327586,0.02007428988289026,0.05915812740378948,True,False,0.03451328850318203,0.04380199086502319,True,False,10,10000
satimage,ABC,signal_msp,signal_local_label_agreement,0.005843838416750352,-0.0006508714486185607,0.01576778202068694,False,False,0.003840073341059616,0.008014384695546613,True,False,10,10000
satimage,ABC,signal_msp,signal_logitnorm_msp,0.001106358837895386,-0.0009549256596147697,0.0036107574429803985,False,False,0.0006050698836150421,0.001691288323202783,True,False,10,10000
satimage,ABC,signal_msp,signal_mahalanobis,0.04444799877298857,0.024391215633936425,0.06624758870173117,True,False,0.03929540382056847,0.05007834084931306,True,False,10,10000
satimage,ABC,signal_msp,signal_margin_logit,1.1069418026652739e-05,-0.00013314114594435621,0.00018685122473182216,False,False,-3.0437749250014357e-05,5.6634200241733114e-05,False,False,10,10000
satimage,ABC,signal_msp,signal_margin_prob,7.215118601832594e-05,-7.654366947503966e-05,0.000992291448167228,False,False,-3.175314872439115e-05,0.00043045357326668355,False,False,10,10000
satimage,ABC,signal_msp,signal_temp_msp,8.189352198239837e-05,-0.00045003317927615015,0.0005726419539538649,False,False,-3.298558205460224e-05,0.00020564763865823547,False,False,10,10000
satimage,ABC,signal_msp,signal_trust_score,0.001228998271161159,-0.0027387484191318304,0.006453067198514463,False,False,0.00015928222339624292,0.0023817407836396326,True,False,10,10000
wine_quality_white,ABC,signal_msp,A0_rank,-0.022799725185429564,-0.03990249357848382,-0.006028024346987622,True,True,-0.026860527864505563,-0.019116025699591213,True,True,10,10000
wine_quality_white,ABC,signal_msp,A1_lightgbm,-0.033486363133714954,-0.06504709871528182,-0.006637549436668777,True,True,-0.040519254065575945,-0.02650356801953056,True,True,10,10000
wine_quality_white,ABC,signal_msp,A1_logreg,-0.042648314752007296,-0.07363926421001296,-0.01732509463968211,True,True,-0.04911134396901659,-0.03634956766674302,True,True,10,10000
wine_quality_white,ABC,signal_msp,A1_logreg_naive_meta,-0.040112114173129876,-0.0716891381322729,-0.010087588034175844,True,True,-0.04725417821915407,-0.03293841515813815,True,True,10,10000
wine_quality_white,ABC,signal_msp,A2_adaptive_loss3,-0.029585182775330333,-0.06147628058309315,0.00136491903744541,False,False,-0.03691512305578472,-0.022017566601960793,True,True,10,10000
wine_quality_white,ABC,signal_msp,A2_mlp_bce,-0.03623073697221231,-0.07209296684475613,-0.008067287514441843,True,True,-0.0432399545897082,-0.028973211992978844,True,True,10,10000
wine_quality_white,ABC,signal_msp,A2_mlp_loss1,-0.021450583322923256,-0.041317931890866556,-0.003508192686814412,True,True,-0.025777779304076882,-0.01723396667835304,True,True,10,10000
wine_quality_white,ABC,signal_msp,A2_mlp_loss2,-0.03151873959798354,-0.054727278752790605,-0.00913825609774944,True,True,-0.03818614648228959,-0.0253415648850402,True,True,10,10000
wine_quality_white,ABC,signal_msp,A2_mlp_loss3,-0.03522656882742101,-0.0690184177629247,-0.0076709494951954045,True,True,-0.04259363529452078,-0.028097646874327566,True,True,10,10000
wine_quality_white,ABC,signal_msp,A2_rl_bandit,-0.0395217514329338,-0.06761134050029796,-0.014785868643243627,True,True,-0.04604007775973647,-0.03289039203969898,True,True,10,10000
wine_quality_white,ABC,signal_msp,A2_rl_c0.5,0.0898629434219069,0.007857442361225531,0.20062882014944677,True,False,0.07832642109248146,0.10150936403949366,True,False,10,10000
wine_quality_white,ABC,signal_msp,A2_rl_c1.0,-0.015931795529022373,-0.04375158273228757,0.035611404530409174,False,False,-0.02174665983208891,-0.009896968892178212,True,True,10,10000
wine_quality_white,ABC,signal_msp,A2_rl_c10.0,-0.03936212827300992,-0.06745388906042016,-0.014992441719082483,True,True,-0.04605395782561728,-0.03283252417518018,True,True,10,10000
wine_quality_white,ABC,signal_msp,A2_rl_c3.0,-0.03608134806149086,-0.06086207924756085,-0.010550305711099496,True,True,-0.04255876158895144,-0.029542687966427426,True,True,10,10000
wine_quality_white,ABC,signal_msp,A2_rl_linear,-0.027383351907588956,-0.04838109296943679,-0.011955277946259408,True,True,-0.03125383504997637,-0.02316356528926634,True,True,10,10000
wine_quality_white,ABC,signal_msp,oracle,-0.12617614054224544,-0.16189782315725462,-0.0934544182920042,True,True,-0.13489745373943215,-0.11742694433292848,True,True,10,10000
wine_quality_white,ABC,signal_msp,random,0.14503599944919446,0.0942905140585328,0.20121012619974044,True,False,0.13125546489630394,0.15834283603693997,True,False,10,10000
wine_quality_white,ABC,signal_msp,signal_calib_residual,0.10685559592149653,0.039866041888271725,0.17951138195986366,True,False,0.09527838456882776,0.11807393147226211,True,False,10,10000
wine_quality_white,ABC,signal_msp,signal_energy,0.01689707939228389,-0.014368448651376067,0.05078709690129507,False,False,0.010086280901153814,0.02326636424884911,True,False,10,10000
wine_quality_white,ABC,signal_msp,signal_ensemble_mean_pairwise_kl,-0.015042426042775267,-0.03936236849691206,0.00603064515021452,False,False,-0.021128670792247436,-0.009339829244749038,True,True,10,10000
wine_quality_white,ABC,signal_msp,signal_ensemble_topclass_variance,-0.009424955562683978,-0.03205471903289075,0.010144839015628352,False,False,-0.014852978453601397,-0.0039675028593403276,True,True,10,10000
wine_quality_white,ABC,signal_msp,signal_ensemble_vote_entropy,0.1082398617126586,0.06583384952173044,0.1510822702008262,True,False,0.09574023912375701,0.12155532993191538,True,False,10,10000
wine_quality_white,ABC,signal_msp,signal_entropy,-2.0539152570818864e-05,-0.002845564771831606,0.0027220537600912685,False,False,-0.0005793324936793615,0.000575317506788796,False,False,10,10000
wine_quality_white,ABC,signal_msp,signal_knn_distance,0.038911763123971904,-0.00030168973208312443,0.07894353278157283,False,False,0.027722327599962984,0.049838303202927425,True,False,10,10000
wine_quality_white,ABC,signal_msp,signal_local_label_agreement,0.08875983326604564,0.05250787989607194,0.1278793520396057,True,False,0.07887549287267412,0.09963100951851872,True,False,10,10000
wine_quality_white,ABC,signal_msp,signal_logitnorm_msp,0.005551248972181696,-0.013294409501463005,0.025801994725152013,False,False,0.0011616695857668109,0.009570118132558286,True,False,10,10000
wine_quality_white,ABC,signal_msp,signal_mahalanobis,0.12144814680781457,0.06891218778719865,0.1837255905091891,True,False,0.10851189591885645,0.13468724328007067,True,False,10,10000
wine_quality_white,ABC,signal_msp,signal_margin_logit,0.001354003084233818,-0.002587588373200908,0.005977725237540077,False,False,0.0004152762184359856,0.0023086853699890984,True,False,10,10000
wine_quality_white,ABC,signal_msp,signal_margin_prob,0.0004743807835145276,-0.001567751995412097,0.0025660165873645064,False,False,1.3959313179574423e-05,0.0009762227645158071,True,False,10,10000
wine_quality_white,ABC,signal_msp,signal_temp_msp,-0.003088972986734506,-0.014461820473848712,0.0072431771010539134,False,False,-0.005120876761657493,-0.0009254314199602579,True,True,10,10000
wine_quality_white,ABC,signal_msp,signal_trust_score,-0.04499642996313645,-0.07572211291266186,-0.013171555989569135,True,True,-0.052192191005324864,-0.03813714367063735,True,True,10,10000
