dataset,coverage_threshold,baseline,method,mean_gap_delta,p_value,p_value_holm,significant_at_0.05,narrows_disparity
adult,max_min_gap@0.8,signal_msp,A0_rank,0.021385926381945437,0.001953125,0.048828125,True,False
adult,max_min_gap@0.8,signal_msp,A1_lightgbm,0.012405323927879644,0.001953125,0.048828125,True,False
adult,max_min_gap@0.8,signal_msp,A1_logreg,0.001537942282450875,0.130859375,0.16796875,False,False
adult,max_min_gap@0.8,signal_msp,A1_logreg_naive_meta,0.002408018362774918,0.02734375,0.095703125,False,False
adult,max_min_gap@0.8,signal_msp,A2_adaptive_loss3,0.006746136733192179,0.00390625,0.048828125,True,False
adult,max_min_gap@0.8,signal_msp,A2_mlp_bce,0.002486633946307567,0.013671875,0.095703125,False,False
adult,max_min_gap@0.8,signal_msp,A2_mlp_loss1,0.021844838737028593,0.001953125,0.048828125,True,False
adult,max_min_gap@0.8,signal_msp,A2_mlp_loss2,0.007064490940684185,0.013671875,0.095703125,False,False
adult,max_min_gap@0.8,signal_msp,A2_mlp_loss3,0.001912938318730719,0.083984375,0.16796875,False,False
adult,max_min_gap@0.8,signal_msp,A2_rl_bandit,0.005542054847529945,0.005859375,0.052734375,False,False
adult,max_min_gap@0.8,signal_msp,A2_rl_c0.5,0.07066598708961724,0.001953125,0.048828125,True,False
adult,max_min_gap@0.8,signal_msp,A2_rl_c1.0,0.06618144033658435,0.001953125,0.048828125,True,False
adult,max_min_gap@0.8,signal_msp,A2_rl_c10.0,0.005542054847529945,0.005859375,0.052734375,False,False
adult,max_min_gap@0.8,signal_msp,A2_rl_c3.0,0.003296852419542525,0.013671875,0.095703125,False,False
adult,max_min_gap@0.8,signal_msp,A2_rl_linear,0.0033477203581440363,0.013671875,0.095703125,False,False
adult,max_min_gap@0.8,signal_msp,oracle,-0.0416799503027095,0.001953125,0.048828125,True,True
adult,max_min_gap@0.8,signal_msp,random,0.054643135388024976,0.001953125,0.048828125,True,False
adult,max_min_gap@0.8,signal_msp,signal_calib_residual,0.03956397902574995,0.001953125,0.048828125,True,False
adult,max_min_gap@0.8,signal_msp,signal_ensemble_mean_pairwise_kl,0.046584725256178725,0.001953125,0.048828125,True,False
adult,max_min_gap@0.8,signal_msp,signal_ensemble_topclass_variance,0.032361986587937035,0.001953125,0.048828125,True,False
adult,max_min_gap@0.8,signal_msp,signal_ensemble_vote_entropy,0.043482476622337764,0.001953125,0.048828125,True,False
adult,max_min_gap@0.8,signal_msp,signal_knn_distance,0.07074970505616789,0.001953125,0.048828125,True,False
adult,max_min_gap@0.8,signal_msp,signal_local_label_agreement,0.01383816687317124,0.001953125,0.048828125,True,False
adult,max_min_gap@0.8,signal_msp,signal_mahalanobis,0.06379489605982905,0.001953125,0.048828125,True,False
adult,max_min_gap@0.8,signal_msp,signal_trust_score,0.031974418836935685,0.001953125,0.048828125,True,False
adult,max_min_gap@0.9,signal_msp,A0_rank,0.011734468469025093,0.001953125,0.048828125,True,False
adult,max_min_gap@0.9,signal_msp,A1_lightgbm,0.0071047976680265554,0.001953125,0.048828125,True,False
adult,max_min_gap@0.9,signal_msp,A1_logreg,0.0008742897864914528,0.6953125,1.0,False,False
adult,max_min_gap@0.9,signal_msp,A1_logreg_naive_meta,0.0031714744240939315,0.001953125,0.048828125,True,False
adult,max_min_gap@0.9,signal_msp,A2_adaptive_loss3,0.0038846423167855125,0.00390625,0.048828125,True,False
adult,max_min_gap@0.9,signal_msp,A2_mlp_bce,0.0009632401311709573,0.6953125,1.0,False,False
adult,max_min_gap@0.9,signal_msp,A2_mlp_loss1,0.014343551342350769,0.001953125,0.048828125,True,False
adult,max_min_gap@0.9,signal_msp,A2_mlp_loss2,0.005398852872937708,0.005859375,0.048828125,True,False
adult,max_min_gap@0.9,signal_msp,A2_mlp_loss3,0.0007973349122727014,0.375,1.0,False,False
adult,max_min_gap@0.9,signal_msp,A2_rl_bandit,0.0033902133998296876,0.00390625,0.048828125,True,False
adult,max_min_gap@0.9,signal_msp,A2_rl_c0.5,0.03393391007924355,0.001953125,0.048828125,True,False
adult,max_min_gap@0.9,signal_msp,A2_rl_c1.0,0.031091524339002984,0.001953125,0.048828125,True,False
adult,max_min_gap@0.9,signal_msp,A2_rl_c10.0,0.0033902133998296876,0.00390625,0.048828125,True,False
adult,max_min_gap@0.9,signal_msp,A2_rl_c3.0,0.0026110516718516456,0.013671875,0.0546875,False,False
adult,max_min_gap@0.9,signal_msp,A2_rl_linear,0.0036044266867555227,0.009765625,0.048828125,True,False
adult,max_min_gap@0.9,signal_msp,oracle,-0.04363993930672598,0.001953125,0.048828125,True,True
adult,max_min_gap@0.9,signal_msp,random,0.025546202289992003,0.001953125,0.048828125,True,False
adult,max_min_gap@0.9,signal_msp,signal_calib_residual,0.019512769372937538,0.001953125,0.048828125,True,False
adult,max_min_gap@0.9,signal_msp,signal_ensemble_mean_pairwise_kl,0.026627538178801407,0.001953125,0.048828125,True,False
adult,max_min_gap@0.9,signal_msp,signal_ensemble_topclass_variance,0.02031779973780533,0.001953125,0.048828125,True,False
adult,max_min_gap@0.9,signal_msp,signal_ensemble_vote_entropy,0.01523921189886345,0.001953125,0.048828125,True,False
adult,max_min_gap@0.9,signal_msp,signal_knn_distance,0.0341027421568903,0.001953125,0.048828125,True,False
adult,max_min_gap@0.9,signal_msp,signal_local_label_agreement,0.00819467391061795,0.005859375,0.048828125,True,False
adult,max_min_gap@0.9,signal_msp,signal_mahalanobis,0.03196033766113957,0.001953125,0.048828125,True,False
adult,max_min_gap@0.9,signal_msp,signal_trust_score,0.010183206980734,0.001953125,0.048828125,True,False
german_credit,max_min_gap@0.8,signal_msp,A0_rank,0.01577039158473461,0.57421875,1.0,False,False
german_credit,max_min_gap@0.8,signal_msp,A1_lightgbm,0.012687140450913367,0.1015625,1.0,False,False
german_credit,max_min_gap@0.8,signal_msp,A1_logreg,0.014271835601817068,0.390625,1.0,False,False
german_credit,max_min_gap@0.8,signal_msp,A1_logreg_naive_meta,0.04179216934189498,0.037109375,0.779296875,False,False
german_credit,max_min_gap@0.8,signal_msp,A2_adaptive_loss3,0.020230948647860358,0.375,1.0,False,False
german_credit,max_min_gap@0.8,signal_msp,A2_mlp_bce,0.029937830582028712,0.10546875,1.0,False,False
german_credit,max_min_gap@0.8,signal_msp,A2_mlp_loss1,0.038268166681959294,0.1640625,1.0,False,False
german_credit,max_min_gap@0.8,signal_msp,A2_mlp_loss2,0.021345166580095103,0.42578125,1.0,False,False
german_credit,max_min_gap@0.8,signal_msp,A2_mlp_loss3,0.02885728665310635,0.10546875,1.0,False,False
german_credit,max_min_gap@0.8,signal_msp,A2_rl_bandit,0.010845047444808529,0.1640625,1.0,False,False
german_credit,max_min_gap@0.8,signal_msp,A2_rl_c0.5,0.03308587053954584,0.083984375,1.0,False,False
german_credit,max_min_gap@0.8,signal_msp,A2_rl_c1.0,0.02453735210471666,0.16015625,1.0,False,False
german_credit,max_min_gap@0.8,signal_msp,A2_rl_c10.0,0.010845047444808529,0.1640625,1.0,False,False
german_credit,max_min_gap@0.8,signal_msp,A2_rl_c3.0,0.032579593909206284,0.376953125,1.0,False,False
german_credit,max_min_gap@0.8,signal_msp,A2_rl_linear,0.036043906246031515,0.15625,1.0,False,False
german_credit,max_min_gap@0.8,signal_msp,oracle,-0.12464399334545065,0.00390625,0.09375,False,True
german_credit,max_min_gap@0.8,signal_msp,random,0.05619759015870146,0.001953125,0.048828125,True,False
german_credit,max_min_gap@0.8,signal_msp,signal_calib_residual,0.04069612350796271,0.083984375,1.0,False,False
german_credit,max_min_gap@0.8,signal_msp,signal_ensemble_mean_pairwise_kl,0.014821468948642363,0.12890625,1.0,False,False
german_credit,max_min_gap@0.8,signal_msp,signal_ensemble_topclass_variance,0.006141915326138623,0.2890625,1.0,False,False
german_credit,max_min_gap@0.8,signal_msp,signal_ensemble_vote_entropy,0.010365848555329248,0.322265625,1.0,False,False
german_credit,max_min_gap@0.8,signal_msp,signal_knn_distance,0.02885790055391433,0.01953125,0.4296875,False,False
german_credit,max_min_gap@0.8,signal_msp,signal_local_label_agreement,-0.01216987559299781,0.9453125,1.0,False,True
german_credit,max_min_gap@0.8,signal_msp,signal_mahalanobis,0.05274768167299125,0.005859375,0.134765625,False,False
german_credit,max_min_gap@0.8,signal_msp,signal_trust_score,-0.003817338719317101,0.845703125,1.0,False,True
german_credit,max_min_gap@0.9,signal_msp,A0_rank,0.001201408458749062,0.75,1.0,False,False
german_credit,max_min_gap@0.9,signal_msp,A1_lightgbm,-0.009764337885553202,0.8125,1.0,False,True
german_credit,max_min_gap@0.9,signal_msp,A1_logreg,0.002889455987997819,0.76953125,1.0,False,False
german_credit,max_min_gap@0.9,signal_msp,A1_logreg_naive_meta,0.010016717831500762,0.359375,1.0,False,False
german_credit,max_min_gap@0.9,signal_msp,A2_adaptive_loss3,-0.01599802250064878,0.734375,1.0,False,True
german_credit,max_min_gap@0.9,signal_msp,A2_mlp_bce,0.008110466968030177,0.359375,1.0,False,False
german_credit,max_min_gap@0.9,signal_msp,A2_mlp_loss1,0.00618397276047167,0.556640625,1.0,False,False
german_credit,max_min_gap@0.9,signal_msp,A2_mlp_loss2,0.0022448531686648484,0.734375,1.0,False,False
german_credit,max_min_gap@0.9,signal_msp,A2_mlp_loss3,0.011199979125441087,0.193359375,1.0,False,False
german_credit,max_min_gap@0.9,signal_msp,A2_rl_bandit,-0.016252179448658168,0.6875,1.0,False,True
german_credit,max_min_gap@0.9,signal_msp,A2_rl_c0.5,0.014612926836463114,0.083984375,1.0,False,False
german_credit,max_min_gap@0.9,signal_msp,A2_rl_c1.0,0.011188470156192482,0.275390625,1.0,False,False
german_credit,max_min_gap@0.9,signal_msp,A2_rl_c10.0,-0.016252179448658168,0.6875,1.0,False,True
german_credit,max_min_gap@0.9,signal_msp,A2_rl_c3.0,-0.013771418263719467,1.0,1.0,False,True
german_credit,max_min_gap@0.9,signal_msp,A2_rl_linear,0.020664654501562872,0.546875,1.0,False,False
german_credit,max_min_gap@0.9,signal_msp,oracle,-0.07456871368335914,0.001953125,0.048828125,True,True
german_credit,max_min_gap@0.9,signal_msp,random,0.04113114639833661,0.048828125,1.0,False,False
german_credit,max_min_gap@0.9,signal_msp,signal_calib_residual,0.020192215876663304,0.130859375,1.0,False,False
german_credit,max_min_gap@0.9,signal_msp,signal_ensemble_mean_pairwise_kl,-0.012825044805610452,0.23046875,1.0,False,True
german_credit,max_min_gap@0.9,signal_msp,signal_ensemble_topclass_variance,-0.010852567798624516,0.49609375,1.0,False,True
german_credit,max_min_gap@0.9,signal_msp,signal_ensemble_vote_entropy,0.006052000637690569,0.1015625,1.0,False,False
german_credit,max_min_gap@0.9,signal_msp,signal_knn_distance,-0.00034917346953697857,0.1640625,1.0,False,True
german_credit,max_min_gap@0.9,signal_msp,signal_local_label_agreement,-0.018417603797551134,0.734375,1.0,False,True
german_credit,max_min_gap@0.9,signal_msp,signal_mahalanobis,0.021418240057162457,0.009765625,0.234375,False,False
german_credit,max_min_gap@0.9,signal_msp,signal_trust_score,-0.014921196061764175,1.0,1.0,False,True
