dataset,coverage_threshold,method,gap_mean,gap_std,n_seeds
adult,max_min_gap@0.8,A0_rank,0.060159217775915874,0.005724672875962501,10
adult,max_min_gap@0.8,A1_lightgbm,0.052889386027909234,0.005634845617597135,10
adult,max_min_gap@0.8,A1_logreg,0.043987166207916546,0.003718899874131546,10
adult,max_min_gap@0.8,A1_logreg_naive_meta,0.04486220743738285,0.0040384833023377155,10
adult,max_min_gap@0.8,A2_adaptive_loss3,0.04761729998474564,0.005418112065242564,10
adult,max_min_gap@0.8,A2_mlp_bce,0.0440617033668577,0.00562324307660313,10
adult,max_min_gap@0.8,A2_mlp_loss1,0.05299108625355046,0.007658192521624382,10
adult,max_min_gap@0.8,A2_mlp_loss2,0.046127094235046726,0.008574743737361673,10
adult,max_min_gap@0.8,A2_mlp_loss3,0.04317250027750574,0.003744429228425844,10
adult,max_min_gap@0.8,oracle,0.0,0.0,10
adult,max_min_gap@0.8,random,0.09444328192895002,0.004911596394416286,10
adult,max_min_gap@0.8,signal_calib_residual,0.07944209797187761,0.010302306467240507,10
adult,max_min_gap@0.8,signal_energy,0.041700010384284766,0.004926471377188914,10
adult,max_min_gap@0.8,signal_entropy,0.041700010384284766,0.004926471377188914,10
adult,max_min_gap@0.8,signal_knn_distance,0.10621775334496945,0.004203421077813658,10
adult,max_min_gap@0.8,signal_local_label_agreement,0.06613873796024174,0.005099578702807495,10
adult,max_min_gap@0.8,signal_mahalanobis,0.10225594956420866,0.0035623905263181864,10
adult,max_min_gap@0.8,signal_margin_logit,0.041700010384284766,0.004926471377188914,10
adult,max_min_gap@0.8,signal_margin_prob,0.041700010384284766,0.004926471377188914,10
adult,max_min_gap@0.8,signal_msp,0.041700010384284766,0.004926471377188914,10
adult,max_min_gap@0.8,signal_temp_msp,0.041700010384284766,0.004926471377188914,10
adult,max_min_gap@0.8,signal_trust_score,0.08072677324505965,0.006111034430734902,10
adult,max_min_gap@0.9,A0_rank,0.07987789708513358,0.005079433964928819,10
adult,max_min_gap@0.9,A1_lightgbm,0.07347881176220424,0.004645544838380326,10
adult,max_min_gap@0.9,A1_logreg,0.06786181240203595,0.00426310792813129,10
adult,max_min_gap@0.9,A1_logreg_naive_meta,0.06922810488980606,0.004111532277209837,10
adult,max_min_gap@0.9,A2_adaptive_loss3,0.06936652807502915,0.004972761711585136,10
adult,max_min_gap@0.9,A2_mlp_bce,0.06847673856477657,0.004968475307014556,10
adult,max_min_gap@0.9,A2_mlp_loss1,0.07658106178136155,0.0062651448451340064,10
adult,max_min_gap@0.9,A2_mlp_loss2,0.07176794290115122,0.005797758140402837,10
adult,max_min_gap@0.9,A2_mlp_loss3,0.06856177086953931,0.00547541841750729,10
adult,max_min_gap@0.9,oracle,0.02418346392731316,0.0038602700940862994,10
adult,max_min_gap@0.9,random,0.09290986674516492,0.0038858221442077067,10
adult,max_min_gap@0.9,signal_calib_residual,0.08794224103569784,0.008121871728357669,10
adult,max_min_gap@0.9,signal_energy,0.06700448153756469,0.004750582917910499,10
adult,max_min_gap@0.9,signal_entropy,0.06700448153756469,0.004750582917910499,10
adult,max_min_gap@0.9,signal_knn_distance,0.09972279781208523,0.004145979828927947,10
adult,max_min_gap@0.9,signal_local_label_agreement,0.08336506086055097,0.004316503837897379,10
adult,max_min_gap@0.9,signal_mahalanobis,0.096831302664074,0.0035603600560418815,10
adult,max_min_gap@0.9,signal_margin_logit,0.06700448153756469,0.004750582917910499,10
adult,max_min_gap@0.9,signal_margin_prob,0.06700448153756469,0.004750582917910499,10
adult,max_min_gap@0.9,signal_msp,0.06700448153756469,0.004750582917910499,10
adult,max_min_gap@0.9,signal_temp_msp,0.06700448153756469,0.004750582917910499,10
adult,max_min_gap@0.9,signal_trust_score,0.08342669266526062,0.004147523512152442,10
german_credit,max_min_gap@0.8,A0_rank,0.19061008807677268,0.03577690057806829,10
german_credit,max_min_gap@0.8,A1_lightgbm,0.2170009008946423,0.07453952985242476,10
german_credit,max_min_gap@0.8,A1_logreg,0.20421978608407615,0.07595610838427112,10
german_credit,max_min_gap@0.8,A1_logreg_naive_meta,0.1996191950053506,0.04488095604173098,10
german_credit,max_min_gap@0.8,A2_adaptive_loss3,0.19117973602329935,0.06830074721205417,10
german_credit,max_min_gap@0.8,A2_mlp_bce,0.19745719195335446,0.06699890290836853,10
german_credit,max_min_gap@0.8,A2_mlp_loss1,0.20284237814496314,0.08271912078230195,10
german_credit,max_min_gap@0.8,A2_mlp_loss2,0.20608469725297063,0.08358942331732137,10
german_credit,max_min_gap@0.8,A2_mlp_loss3,0.19477665981203335,0.06256284824661669,10
german_credit,max_min_gap@0.8,oracle,0.041828799422795854,0.04065487360521109,10
german_credit,max_min_gap@0.8,random,0.22279761016158975,0.07532090063911767,10
german_credit,max_min_gap@0.8,signal_calib_residual,0.20620147270348488,0.07915089563461784,10
german_credit,max_min_gap@0.8,signal_energy,0.194547599939137,0.026807386012101187,10
german_credit,max_min_gap@0.8,signal_entropy,0.194547599939137,0.026807386012101187,10
german_credit,max_min_gap@0.8,signal_knn_distance,0.20965644490822136,0.08275105802308294,10
german_credit,max_min_gap@0.8,signal_local_label_agreement,0.20964188401913844,0.079371428075743,10
german_credit,max_min_gap@0.8,signal_mahalanobis,0.22544912463368488,0.03559901072056398,10
german_credit,max_min_gap@0.8,signal_margin_logit,0.194547599939137,0.026807386012101187,10
german_credit,max_min_gap@0.8,signal_margin_prob,0.194547599939137,0.026807386012101187,10
german_credit,max_min_gap@0.8,signal_msp,0.194547599939137,0.026807386012101187,10
german_credit,max_min_gap@0.8,signal_temp_msp,0.194547599939137,0.026807386012101187,10
german_credit,max_min_gap@0.8,signal_trust_score,0.21827054291275907,0.08509422778674818,10
german_credit,max_min_gap@0.9,A0_rank,0.23053412178426047,0.05305235844657845,10
german_credit,max_min_gap@0.9,A1_lightgbm,0.20992241467245018,0.06101831695296504,10
german_credit,max_min_gap@0.9,A1_logreg,0.2061591331948768,0.06780121789431569,10
german_credit,max_min_gap@0.9,A1_logreg_naive_meta,0.20611876495597428,0.06605135004783519,10
german_credit,max_min_gap@0.9,A2_adaptive_loss3,0.2056589229988104,0.0635694322156811,10
german_credit,max_min_gap@0.9,A2_mlp_bce,0.20783285554810496,0.06931806677161284,10
german_credit,max_min_gap@0.9,A2_mlp_loss1,0.22480107802965993,0.07255258423112468,10
german_credit,max_min_gap@0.9,A2_mlp_loss2,0.22452966684361972,0.06690485181705288,10
german_credit,max_min_gap@0.9,A2_mlp_loss3,0.20881022443245062,0.07269306490530311,10
german_credit,max_min_gap@0.9,oracle,0.13709148808055666,0.06155233876342326,10
german_credit,max_min_gap@0.9,random,0.22177349104725366,0.07627303976097656,10
german_credit,max_min_gap@0.9,signal_calib_residual,0.21169790302873254,0.07948151456460469,10
german_credit,max_min_gap@0.9,signal_energy,0.19372411808836165,0.05432985984718581,10
german_credit,max_min_gap@0.9,signal_entropy,0.19372411808836165,0.05432985984718581,10
german_credit,max_min_gap@0.9,signal_knn_distance,0.21321183983974681,0.062209399371920625,10
german_credit,max_min_gap@0.9,signal_local_label_agreement,0.20059098524214805,0.06617877204761538,10
german_credit,max_min_gap@0.9,signal_mahalanobis,0.22287668034974936,0.06654829561257442,10
german_credit,max_min_gap@0.9,signal_margin_logit,0.19372411808836165,0.05432985984718581,10
german_credit,max_min_gap@0.9,signal_margin_prob,0.19372411808836165,0.05432985984718581,10
german_credit,max_min_gap@0.9,signal_msp,0.19372411808836165,0.05432985984718581,10
german_credit,max_min_gap@0.9,signal_temp_msp,0.19372411808836165,0.05432985984718581,10
german_credit,max_min_gap@0.9,signal_trust_score,0.208719678254562,0.074426618393122,10
